<?xml version="1.0" encoding="UTF-8" ?>
<!DOCTYPE configuration
  PUBLIC "-//mybatis.org//DTD Config 3.0//EN"
  "http://mybatis.org/dtd/mybatis-3-config.dtd">
<configuration>
	<typeAliases>
		<typeAlias type="global.sesoc.sample.vo.Member" alias="member"/>
		<typeAlias type="global.sesoc.sample.vo.Board" alias="board"/>
		<typeAlias type="global.sesoc.sample.vo.Reply" alias="reply"/>
	</typeAliases>
	<mappers>
		<mapper resource="mapper/memberMapper.xml" />
		<mapper resource="mapper/boardMapper.xml" />
	</mappers>
</configuration>
