<?xml version="1.0" encoding="UTF-8"?>
<!DOCTYPE mapper PUBLIC "-//mybatis.org//DTD Mapper 3.0//EN" "http://mybatis.org/dtd/mybatis-3-mapper.dtd">

<mapper namespace="global.sesoc.sample.dao.BoardMapper">
	<select id="selectBoardList" resultType="hashmap">
		select
			b.board_no as board_no
			, b.member_id as member_id
			, m.member_nm as member_nm
			, b.board_title as board_title
			, b.board_content as board_content
			, b.board_hits as board_hits
			, b.board_savedfile as board_savedfile
			, b.board_originfile as board_originfile
			, to_char(b.board_indate, 'yyyy-MM-dd') as board_indate
		from
			board b, member m
		where
			b.member_id = m.member_id
			<if test="_parameter != ''">
				and
					b.board_title like '%' || #{searchText} || '%'
			</if>
		order by
			board_no desc
	</select>
	
	<select id="selectBoardOne" parameterType="int" resultType="hashmap">
		select
			b.board_no board_no
			, m.member_id member_id
			, m.member_nm member_nm
			, b.board_title board_title
			, b.board_content board_content
			, b.board_hits board_hits
			, b.board_savedfile board_savedfile
			, b.board_originfile board_originfile
			, to_char(b.board_indate, 'yyyy-MM-dd') as board_indate
		from
			board b, member m
		where
			b.member_id = m.member_id
			and b.board_no = #{board_no}
	</select>
	
	<insert id="insertBoard" parameterType="board">
		insert into
			board(
			 	board_no
			 	, member_id
			 	, board_title
			 	, board_content
			 	<if test="board_savedfile != null and board_originfile != null">
				 	, board_savedfile
				 	, board_originfile
				 </if>
			 )values(
			 	board_seq.nextval
			 	, #{member_id}
			 	, #{board_title}
			 	, #{board_content}
			 	<if test="board_savedfile != null and board_originfile != null">
				 	, #{board_savedfile}
				 	, #{board_originfile}
			 	</if>
			 )
	</insert>
	
	<update id="addHits" parameterType="int">
		update board set
			board_hits = 1 + board_hits
		where
			board_no = #{board_no}
	</update>
	
	<select id="selectTotalCount" parameterType="string" resultType="int">
		select
			count(*)
		from
			board
		<if test="_parameter != ''"></if>
		where
			board_title like '%' || #{searchText} || '%'
	</select>
	
	
	<delete id="deleteBoard" parameterType="board">
		delete from
			board
		where
			board_no = #{board_no}
		and
			member_id = #{member_id}
	</delete>
	
	
	<update id="updateBoard">
		update
			board
		set
			board_title = #{board_title}
			, board_content = #{board_content}
			<if test="board_savedfile != null and board_originfile != null">
			, board_savedfile = #{board_savedfile}
			, board_originfile = #{board_originfile}
			</if>
		where
			board_no = #{board_no}
		and
			member_id = #{member_id}
	</update>
	
	<select id="replySelect" parameterType="int" resultType="hashmap">
		select
			r.reply_no as reply_no
			, r.board_no as board_no
			, r.reply_content as reply_content
			, r.member_id as member_id
			, m.member_nm as member_nm
			, to_char(r.reply_indate, 'yy-MM-dd hh:mm') as reply_indate
		from
			reply r, member m
		where
			r.board_no = #{board_no}
		and
			m.member_id = r.member_id
		order by
			reply_no asc
	</select>
	
	
	<insert id="replyInsert" parameterType="reply">
		insert into
			reply(
				reply_no
				, board_no
				, reply_content
				, member_id
			)values(
				reply_seq.nextval
				, #{board_no}
				, #{reply_content}
				, #{member_id}		
			)
	</insert>
	
	
	<delete id="replyDelete" parameterType="reply">
		delete from
			reply
		where
			member_id = #{member_id}
		and
			reply_no = #{reply_no}
		
	</delete>
</mapper>
