<?xml version="1.0" encoding="UTF-8"?>
<beans:beans xmlns="http://www.springframework.org/schema/mvc"
	xmlns:xsi="http://www.w3.org/2001/XMLSchema-instance"
	xmlns:beans="http://www.springframework.org/schema/beans"
	xmlns:context="http://www.springframework.org/schema/context"
	xsi:schemaLocation="http://www.springframework.org/schema/mvc https://www.springframework.org/schema/mvc/spring-mvc.xsd
		http://www.springframework.org/schema/beans https://www.springframework.org/schema/beans/spring-beans.xsd
		http://www.springframework.org/schema/context https://www.springframework.org/schema/context/spring-context.xsd">

	<!-- DispatcherServlet Context: defines this servlet's request-processing infrastructure -->
	
	<!-- Enables the Spring MVC @Controller programming model -->
	<annotation-driven />

	<!-- Handles HTTP GET requests for /resources/** by efficiently serving up static resources in the ${webappRoot}/resources directory -->

	<!-- <resources mapping="/resources/**" location="/resources/" /> -->
 	<resources mapping="/**" location="/resources/" />
	<resources mapping="/resources/**" location="/resources/" />
	
	<!-- <resources location="/js/" mapping="/js/**"/>
	<resources location="/css/" mapping="/css/**"/>
	<resources location="/img/" mapping="/img/**"/>
	출처: https://blockcahin.tistory.com/62 [RyangGyouKim's Blog]
	-->


	<!-- Resolves views selected for rendering by @Controllers to .jsp resources in the /WEB-INF/views directory -->
	<beans:bean class="org.springframework.web.servlet.view.InternalResourceViewResolver">
		<beans:property name="prefix" value="/WEB-INF/views/" />
		<beans:property name="suffix" value=".jsp" />
	</beans:bean>
	

	
	<context:component-scan base-package="net.softsociety.binder" />
	
	<beans:bean id="loginInterceptor" class="net.softsociety.binder.interceptor.LoginInterceptor"></beans:bean>	
	
	<interceptors>
		<interceptor>
			<mapping path="/calender/**"/>
			<mapping path="/document/**"/>			
			<mapping path="/member/**"/>
									
			<beans:ref bean="loginInterceptor"/><!--내가 적용하고픈 인터셉터 파일의 id명  -->
		</interceptor>
	</interceptors>
	
	
	
</beans:beans>
