<?xml version="1.0" encoding="UTF-8" ?>
<!DOCTYPE configuration
  PUBLIC "-//mybatis.org//DTD Config 3.0//EN"
  "http://mybatis.org/dtd/mybatis-3-config.dtd">
<configuration>
	<typeAliases>
			<typeAlias type="com.project.dajare.vo.GroupJoin" alias="groupjoin"/>
<!-- 			<typeAlias type="com.project.dajare.vo.Member" alias="member"/> -->
	</typeAliases>
	
	<mappers>
			<mapper resource="mapper/groupJoinMapper.xml"/>
<!-- 		<mapper resource="mapper/listmemoMapper.xml"/> -->
	</mappers>
</configuration>
